<?xml version="1.0" encoding="UTF-8"?>
<Flow xmlns="http://soap.sforce.com/2006/04/metadata">
    <choices>
        <name>No</name>
        <choiceText>No</choiceText>
        <dataType>String</dataType>
        <value>
            <stringValue>false</stringValue>
        </value>
    </choices>
    <choices>
        <name>Yes</name>
        <choiceText>Yes</choiceText>
        <dataType>String</dataType>
        <value>
            <stringValue>true</stringValue>
        </value>
    </choices>
    <decisions>
        <name>Another_Decision</name>
        <label>Another Decision</label>
        <locationX>813</locationX>
        <locationY>243</locationY>
        <defaultConnectorLabel>Default Outcome</defaultConnectorLabel>
        <rules>
            <name>Decide2</name>
            <conditionLogic>and</conditionLogic>
            <conditions>
                <leftValueReference>Do_you_want_to_make_account</leftValueReference>
                <operator>EqualTo</operator>
                <rightValue>
                    <elementReference>Yes</elementReference>
                </rightValue>
            </conditions>
            <connector>
                <targetReference>Make_Account</targetReference>
            </connector>
            <label>Decide2</label>
        </rules>
    </decisions>
    <interviewLabel>Step4 Flow {!$Flow.CurrentDateTime}</interviewLabel>
    <label>Step4 Flow</label>
    <processMetadataValues>
        <name>BuilderType</name>
        <value>
            <stringValue>LightningFlowBuilder</stringValue>
        </value>
    </processMetadataValues>
    <processMetadataValues>
        <name>OriginBuilderType</name>
        <value>
            <stringValue>LightningFlowBuilder</stringValue>
        </value>
    </processMetadataValues>
    <processType>Flow</processType>
    <recordCreates>
        <name>Create_Record</name>
        <label>Create Record</label>
        <locationX>1033</locationX>
        <locationY>408</locationY>
        <assignRecordIdToReference>ContactIDWANT.Id</assignRecordIdToReference>
        <inputAssignments>
            <field>AccountId</field>
            <value>
                <elementReference>GetAccountID.Id</elementReference>
            </value>
        </inputAssignments>
        <inputAssignments>
            <field>Email</field>
            <value>
                <elementReference>Email1</elementReference>
            </value>
        </inputAssignments>
        <inputAssignments>
            <field>FirstName</field>
            <value>
                <elementReference>FirstName1</elementReference>
            </value>
        </inputAssignments>
        <inputAssignments>
            <field>LastName</field>
            <value>
                <elementReference>LastName1</elementReference>
            </value>
        </inputAssignments>
        <inputAssignments>
            <field>Phone</field>
            <value>
                <elementReference>phoneeee</elementReference>
            </value>
        </inputAssignments>
        <object>Contact</object>
    </recordCreates>
    <recordCreates>
        <name>Make_Account</name>
        <label>Make Account</label>
        <locationX>1042</locationX>
        <locationY>196</locationY>
        <assignRecordIdToReference>GetAccountID.Id</assignRecordIdToReference>
        <connector>
            <targetReference>Create_Record</targetReference>
        </connector>
        <inputAssignments>
            <field>Name</field>
            <value>
                <elementReference>LastName1</elementReference>
            </value>
        </inputAssignments>
        <object>Account</object>
    </recordCreates>
    <recordLookups>
        <name>Contact</name>
        <label>Contact</label>
        <locationX>1264</locationX>
        <locationY>341</locationY>
        <assignNullValuesIfNoRecordsFound>false</assignNullValuesIfNoRecordsFound>
        <filters>
            <field>Id</field>
            <operator>EqualTo</operator>
            <value>
                <elementReference>ContactIDWANT.Id</elementReference>
            </value>
        </filters>
        <getFirstRecordOnly>true</getFirstRecordOnly>
        <object>Contact</object>
        <storeOutputAutomatically>true</storeOutputAutomatically>
    </recordLookups>
    <recordUpdates>
        <name>Update</name>
        <label>Update</label>
        <locationX>1368</locationX>
        <locationY>218</locationY>
        <filters>
            <field>Id</field>
            <operator>EqualTo</operator>
            <value>
                <elementReference>ContactIDWANT.Id</elementReference>
            </value>
        </filters>
        <inputAssignments>
            <field>AccountId</field>
            <value>
                <elementReference>GetAccountID.Id</elementReference>
            </value>
        </inputAssignments>
        <object>Contact</object>
    </recordUpdates>
    <screens>
        <name>Ask_for_Account</name>
        <label>Ask for Account</label>
        <locationX>687</locationX>
        <locationY>80</locationY>
        <allowBack>true</allowBack>
        <allowFinish>true</allowFinish>
        <allowPause>true</allowPause>
        <connector>
            <targetReference>Another_Decision</targetReference>
        </connector>
        <fields>
            <name>Do_you_want_to_make_account</name>
            <choiceReferences>Yes</choiceReferences>
            <choiceReferences>No</choiceReferences>
            <dataType>String</dataType>
            <fieldText>Do you want to make account</fieldText>
            <fieldType>MultiSelectCheckboxes</fieldType>
            <isRequired>false</isRequired>
        </fields>
        <showFooter>true</showFooter>
        <showHeader>true</showHeader>
    </screens>
    <screens>
        <name>Contact_Info</name>
        <label>Contact Info</label>
        <locationX>218</locationX>
        <locationY>276</locationY>
        <allowBack>true</allowBack>
        <allowFinish>true</allowFinish>
        <allowPause>true</allowPause>
        <connector>
            <targetReference>Ask_for_Account</targetReference>
        </connector>
        <fields>
            <name>Nameeeeee</name>
            <extensionName>flowruntime:name</extensionName>
            <fieldType>ComponentInstance</fieldType>
            <isRequired>true</isRequired>
            <outputParameters>
                <assignToReference>FirstName1</assignToReference>
                <name>firstName</name>
            </outputParameters>
            <outputParameters>
                <assignToReference>LastName1</assignToReference>
                <name>lastName</name>
            </outputParameters>
        </fields>
        <fields>
            <name>Guide2</name>
            <fieldText>&lt;p&gt;If you want to create Contact please give us informations&lt;/p&gt;</fieldText>
            <fieldType>DisplayText</fieldType>
        </fields>
        <fields>
            <name>PhoneNumber</name>
            <extensionName>flowruntime:phone</extensionName>
            <fieldType>ComponentInstance</fieldType>
            <inputParameters>
                <name>label</name>
                <value>
                    <stringValue>PhoneNumber</stringValue>
                </value>
            </inputParameters>
            <inputParameters>
                <name>value</name>
                <value>
                    <elementReference>phoneeee</elementReference>
                </value>
            </inputParameters>
            <isRequired>true</isRequired>
            <outputParameters>
                <assignToReference>phoneeee</assignToReference>
                <name>value</name>
            </outputParameters>
        </fields>
        <fields>
            <name>Email</name>
            <extensionName>flowruntime:email</extensionName>
            <fieldType>ComponentInstance</fieldType>
            <inputParameters>
                <name>value</name>
                <value>
                    <elementReference>Email1</elementReference>
                </value>
            </inputParameters>
            <isRequired>true</isRequired>
            <outputParameters>
                <assignToReference>Email1</assignToReference>
                <name>value</name>
            </outputParameters>
        </fields>
        <showFooter>true</showFooter>
        <showHeader>true</showHeader>
    </screens>
    <start>
        <locationX>89</locationX>
        <locationY>59</locationY>
        <connector>
            <targetReference>Contact_Info</targetReference>
        </connector>
    </start>
    <status>Draft</status>
    <variables>
        <name>AccountCreate</name>
        <dataType>Boolean</dataType>
        <isCollection>false</isCollection>
        <isInput>false</isInput>
        <isOutput>false</isOutput>
    </variables>
    <variables>
        <name>accountNameinformation</name>
        <dataType>String</dataType>
        <isCollection>false</isCollection>
        <isInput>false</isInput>
        <isOutput>false</isOutput>
    </variables>
    <variables>
        <name>Address1</name>
        <dataType>String</dataType>
        <isCollection>false</isCollection>
        <isInput>false</isInput>
        <isOutput>false</isOutput>
    </variables>
    <variables>
        <name>ContactIDWANT</name>
        <dataType>SObject</dataType>
        <isCollection>false</isCollection>
        <isInput>false</isInput>
        <isOutput>false</isOutput>
        <objectType>Contact</objectType>
    </variables>
    <variables>
        <name>Decide3</name>
        <dataType>Boolean</dataType>
        <isCollection>false</isCollection>
        <isInput>false</isInput>
        <isOutput>false</isOutput>
    </variables>
    <variables>
        <name>Email1</name>
        <dataType>String</dataType>
        <isCollection>false</isCollection>
        <isInput>false</isInput>
        <isOutput>false</isOutput>
    </variables>
    <variables>
        <name>FirstName1</name>
        <dataType>String</dataType>
        <isCollection>false</isCollection>
        <isInput>false</isInput>
        <isOutput>false</isOutput>
    </variables>
    <variables>
        <name>GetAccountID</name>
        <dataType>SObject</dataType>
        <isCollection>false</isCollection>
        <isInput>false</isInput>
        <isOutput>false</isOutput>
        <objectType>Account</objectType>
    </variables>
    <variables>
        <name>LastName1</name>
        <dataType>String</dataType>
        <isCollection>false</isCollection>
        <isInput>false</isInput>
        <isOutput>false</isOutput>
    </variables>
    <variables>
        <name>phoneeee</name>
        <dataType>String</dataType>
        <isCollection>false</isCollection>
        <isInput>false</isInput>
        <isOutput>false</isOutput>
    </variables>
    <variables>
        <name>PhoneNumber1</name>
        <dataType>Number</dataType>
        <isCollection>false</isCollection>
        <isInput>false</isInput>
        <isOutput>false</isOutput>
        <scale>0</scale>
    </variables>
</Flow>
