<?xml version="1.0" encoding="UTF-8"?>
<CustomField xmlns="http://soap.sforce.com/2006/04/metadata">
    <fullName>State__c</fullName>
    <externalId>false</externalId>
    <label>State</label>
    <required>true</required>
    <trackTrending>false</trackTrending>
    <type>Picklist</type>
    <valueSet>
        <restricted>true</restricted>
        <valueSetDefinition>
            <sorted>false</sorted>
            <value>
                <fullName>Alabama</fullName>
                <default>false</default>
                <label>Alabama</label>
            </value>
            <value>
                <fullName>Alaska</fullName>
                <default>false</default>
                <label>Alaska</label>
            </value>
            <value>
                <fullName>Arizona</fullName>
                <default>false</default>
                <label>Arizona</label>
            </value>
            <value>
                <fullName>Arkansas</fullName>
                <default>false</default>
                <label>Arkansas</label>
            </value>
            <value>
                <fullName>California</fullName>
                <default>false</default>
                <label>California</label>
            </value>
            <value>
                <fullName>Colorado</fullName>
                <default>false</default>
                <label>Colorado</label>
            </value>
            <value>
                <fullName>Connecticut</fullName>
                <default>false</default>
                <label>Connecticut</label>
            </value>
            <value>
                <fullName>Delaware</fullName>
                <default>false</default>
                <label>Delaware</label>
            </value>
            <value>
                <fullName>Florida</fullName>
                <default>false</default>
                <label>Florida</label>
            </value>
            <value>
                <fullName>Georgia</fullName>
                <default>false</default>
                <label>Georgia</label>
            </value>
            <value>
                <fullName>Hawaii</fullName>
                <default>false</default>
                <label>Hawaii</label>
            </value>
            <value>
                <fullName>Idaho</fullName>
                <default>false</default>
                <label>Idaho</label>
            </value>
            <value>
                <fullName>Illinois</fullName>
                <default>false</default>
                <label>Illinois</label>
            </value>
            <value>
                <fullName>Indiana</fullName>
                <default>false</default>
                <label>Indiana</label>
            </value>
            <value>
                <fullName>Iowa</fullName>
                <default>false</default>
                <label>Iowa</label>
            </value>
            <value>
                <fullName>Kansas</fullName>
                <default>false</default>
                <label>Kansas</label>
            </value>
            <value>
                <fullName>Kentucky</fullName>
                <default>false</default>
                <label>Kentucky</label>
            </value>
            <value>
                <fullName>Louisiana</fullName>
                <default>false</default>
                <label>Louisiana</label>
            </value>
            <value>
                <fullName>Maine</fullName>
                <default>false</default>
                <label>Maine</label>
            </value>
            <value>
                <fullName>Maryland</fullName>
                <default>false</default>
                <label>Maryland</label>
            </value>
            <value>
                <fullName>Massachusetts</fullName>
                <default>false</default>
                <label>Massachusetts</label>
            </value>
            <value>
                <fullName>Michigan</fullName>
                <default>false</default>
                <label>Michigan</label>
            </value>
            <value>
                <fullName>Minnesota</fullName>
                <default>false</default>
                <label>Minnesota</label>
            </value>
            <value>
                <fullName>Mississippi</fullName>
                <default>false</default>
                <label>Mississippi</label>
            </value>
            <value>
                <fullName>Missouri</fullName>
                <default>false</default>
                <label>Missouri</label>
            </value>
            <value>
                <fullName>Montana</fullName>
                <default>false</default>
                <label>Montana</label>
            </value>
            <value>
                <fullName>Nebraska</fullName>
                <default>false</default>
                <label>Nebraska</label>
            </value>
            <value>
                <fullName>Nevada</fullName>
                <default>false</default>
                <label>Nevada</label>
            </value>
            <value>
                <fullName>New Hampshire</fullName>
                <default>false</default>
                <label>New Hampshire</label>
            </value>
            <value>
                <fullName>New Jersey</fullName>
                <default>false</default>
                <label>New Jersey</label>
            </value>
            <value>
                <fullName>New Mexico</fullName>
                <default>false</default>
                <label>New Mexico</label>
            </value>
            <value>
                <fullName>New York</fullName>
                <default>false</default>
                <label>New York</label>
            </value>
            <value>
                <fullName>North Carolina</fullName>
                <default>false</default>
                <label>North Carolina</label>
            </value>
            <value>
                <fullName>North Dakota</fullName>
                <default>false</default>
                <label>North Dakota</label>
            </value>
            <value>
                <fullName>Ohio</fullName>
                <default>false</default>
                <label>Ohio</label>
            </value>
            <value>
                <fullName>Oklahoma</fullName>
                <default>false</default>
                <label>Oklahoma</label>
            </value>
            <value>
                <fullName>Oregon</fullName>
                <default>false</default>
                <label>Oregon</label>
            </value>
            <value>
                <fullName>Pennsylvania</fullName>
                <default>false</default>
                <label>Pennsylvania</label>
            </value>
            <value>
                <fullName>Rhode Island</fullName>
                <default>false</default>
                <label>Rhode Island</label>
            </value>
            <value>
                <fullName>South Carolina</fullName>
                <default>false</default>
                <label>South Carolina</label>
            </value>
            <value>
                <fullName>South Dakota</fullName>
                <default>false</default>
                <label>South Dakota</label>
            </value>
            <value>
                <fullName>Tennessee</fullName>
                <default>false</default>
                <label>Tennessee</label>
            </value>
            <value>
                <fullName>Texas</fullName>
                <default>false</default>
                <label>Texas</label>
            </value>
            <value>
                <fullName>Utah</fullName>
                <default>false</default>
                <label>Utah</label>
            </value>
            <value>
                <fullName>Vermont</fullName>
                <default>false</default>
                <label>Vermont</label>
            </value>
            <value>
                <fullName>Virginia</fullName>
                <default>false</default>
                <label>Virginia</label>
            </value>
            <value>
                <fullName>Washington</fullName>
                <default>false</default>
                <label>Washington</label>
            </value>
            <value>
                <fullName>West Virginia</fullName>
                <default>false</default>
                <label>West Virginia</label>
            </value>
            <value>
                <fullName>Wisconsin</fullName>
                <default>false</default>
                <label>Wisconsin</label>
            </value>
            <value>
                <fullName>Wyoming</fullName>
                <default>false</default>
                <label>Wyoming</label>
            </value>
        </valueSetDefinition>
    </valueSet>
</CustomField>
