<?xml version="1.0" encoding="UTF-8"?>
<CustomField xmlns="http://soap.sforce.com/2006/04/metadata">
    <fullName>Weird__c</fullName>
    <externalId>false</externalId>
    <formula>Name + &quot; &quot; + Street_Address__c + &quot; &quot; + City__c + &quot; &quot; + TEXT(State__c)</formula>
    <formulaTreatBlanksAs>BlankAsZero</formulaTreatBlanksAs>
    <label>Full Address</label>
    <required>false</required>
    <trackTrending>false</trackTrending>
    <type>Text</type>
    <unique>false</unique>
</CustomField>
