<?xml version="1.0" encoding="UTF-8"?>
<ApprovalProcess xmlns="http://soap.sforce.com/2006/04/metadata">
    <active>false</active>
    <allowRecall>false</allowRecall>
    <allowedSubmitters>
        <type>owner</type>
    </allowedSubmitters>
    <approvalPageFields>
        <field>Name</field>
        <field>Owner</field>
    </approvalPageFields>
    <approvalStep>
        <allowDelegate>false</allowDelegate>
        <assignedApprover>
            <approver>
                <name>drivertest123@gmail.com</name>
                <type>user</type>
            </approver>
            <whenMultipleApprovers>FirstResponse</whenMultipleApprovers>
        </assignedApprover>
        <entryCriteria>
            <criteriaItems>
                <field>Mail__c.Has_insurance__c</field>
                <operation>equals</operation>
                <value>True</value>
            </criteriaItems>
            <criteriaItems>
                <field>Mail__c.Delivery_Status__c</field>
                <operation>equals</operation>
                <value>Missing_Insurance</value>
            </criteriaItems>
        </entryCriteria>
        <ifCriteriaNotMet>RejectRecord</ifCriteriaNotMet>
        <label>Check over 100</label>
        <name>Check_over_100</name>
    </approvalStep>
    <approvalStep>
        <allowDelegate>false</allowDelegate>
        <assignedApprover>
            <approver>
                <name>drivertest123@gmail.com</name>
                <type>user</type>
            </approver>
            <whenMultipleApprovers>FirstResponse</whenMultipleApprovers>
        </assignedApprover>
        <entryCriteria>
            <criteriaItems>
                <field>Mail__c.Insurance_Have__c</field>
                <operation>greaterThan</operation>
                <value>100</value>
            </criteriaItems>
            <criteriaItems>
                <field>Mail__c.Insurance_Have__c</field>
                <operation>lessThan</operation>
                <value>1000</value>
            </criteriaItems>
        </entryCriteria>
        <ifCriteriaNotMet>ApproveRecord</ifCriteriaNotMet>
        <label>Over 100</label>
        <name>Over_100</name>
        <rejectBehavior>
            <type>RejectRequest</type>
        </rejectBehavior>
    </approvalStep>
    <approvalStep>
        <allowDelegate>false</allowDelegate>
        <assignedApprover>
            <approver>
                <name>drivertest123@gmail.com</name>
                <type>user</type>
            </approver>
            <approver>
                <name>jenobia92@brave-moose-lshz5w.com</name>
                <type>user</type>
            </approver>
            <whenMultipleApprovers>Unanimous</whenMultipleApprovers>
        </assignedApprover>
        <entryCriteria>
            <criteriaItems>
                <field>Mail__c.Insurance_Have__c</field>
                <operation>greaterThan</operation>
                <value>1000</value>
            </criteriaItems>
        </entryCriteria>
        <label>Over 1000</label>
        <name>Over_1000</name>
        <rejectBehavior>
            <type>RejectRequest</type>
        </rejectBehavior>
    </approvalStep>
    <emailTemplate>unfiled$public/Missing_Mail</emailTemplate>
    <enableMobileDeviceAccess>false</enableMobileDeviceAccess>
    <entryCriteria>
        <criteriaItems>
            <field>Mail__c.Delivery_Status__c</field>
            <operation>equals</operation>
            <value>Missing_Insurance</value>
        </criteriaItems>
        <criteriaItems>
            <field>Mail__c.Has_insurance__c</field>
            <operation>equals</operation>
            <value>True</value>
        </criteriaItems>
    </entryCriteria>
    <finalApprovalActions>
        <action>
            <name>Insurance_Approved</name>
            <type>Alert</type>
        </action>
    </finalApprovalActions>
    <finalApprovalRecordLock>true</finalApprovalRecordLock>
    <finalRejectionActions>
        <action>
            <name>Insurance_Not_Approved</name>
            <type>Alert</type>
        </action>
    </finalRejectionActions>
    <finalRejectionRecordLock>false</finalRejectionRecordLock>
    <label>Mail Missing</label>
    <nextAutomatedApprover>
        <useApproverFieldOfRecordOwner>false</useApproverFieldOfRecordOwner>
        <userHierarchyField>Manager</userHierarchyField>
    </nextAutomatedApprover>
    <recordEditability>AdminOnly</recordEditability>
    <showApprovalHistory>true</showApprovalHistory>
</ApprovalProcess>
